{
  "LogisiticRegression": {
    "0": {
      "precision": 0.9038461538461539,
      "recall": 0.9591836734693877,
      "f1-score": 0.9306930693069307,
      "support": 98.0
    },
    "1": {
      "precision": 0.9534883720930233,
      "recall": 0.8913043478260869,
      "f1-score": 0.9213483146067417,
      "support": 92.0
    },
    "accuracy": 0.9263157894736842,
    "macro avg": {
      "precision": 0.9286672629695886,
      "recall": 0.9252440106477373,
      "f1-score": 0.9260206919568362,
      "support": 190.0
    },
    "weighted avg": {
      "precision": 0.9278834384709539,
      "recall": 0.9263157894736842,
      "f1-score": 0.9261682407152603,
      "support": 190.0
    }
  },
  "KNearest": {
    "0": {
      "precision": 0.912621359223301,
      "recall": 0.9591836734693877,
      "f1-score": 0.9353233830845772,
      "support": 98.0
    },
    "1": {
      "precision": 0.9540229885057471,
      "recall": 0.9021739130434783,
      "f1-score": 0.9273743016759777,
      "support": 92.0
    },
    "accuracy": 0.9315789473684211,
    "macro avg": {
      "precision": 0.9333221738645241,
      "recall": 0.930678793256433,
      "f1-score": 0.9313488423802774,
      "support": 190.0
    },
    "weighted avg": {
      "precision": 0.9326684639284856,
      "recall": 0.9315789473684211,
      "f1-score": 0.9314743541919922,
      "support": 190.0
    }
  },
  "Support Vector Classifier": {
    "0": {
      "precision": 0.8942307692307693,
      "recall": 0.9489795918367347,
      "f1-score": 0.9207920792079209,
      "support": 98.0
    },
    "1": {
      "precision": 0.9418604651162791,
      "recall": 0.8804347826086957,
      "f1-score": 0.9101123595505618,
      "support": 92.0
    },
    "accuracy": 0.9157894736842105,
    "macro avg": {
      "precision": 0.9180456171735242,
      "recall": 0.9147071872227153,
      "f1-score": 0.9154522193792414,
      "support": 190.0
    },
    "weighted avg": {
      "precision": 0.917293569343753,
      "recall": 0.9157894736842105,
      "f1-score": 0.915620846531726,
      "support": 190.0
    }
  },
  "DecisionTreeClassifier": {
    "0": {
      "precision": 0.9166666666666666,
      "recall": 0.8979591836734694,
      "f1-score": 0.9072164948453607,
      "support": 98.0
    },
    "1": {
      "precision": 0.8936170212765957,
      "recall": 0.9130434782608695,
      "f1-score": 0.9032258064516129,
      "support": 92.0
    },
    "accuracy": 0.9052631578947369,
    "macro avg": {
      "precision": 0.9051418439716312,
      "recall": 0.9055013309671694,
      "f1-score": 0.9052211506484868,
      "support": 190.0
    },
    "weighted avg": {
      "precision": 0.9055057857409482,
      "recall": 0.9052631578947369,
      "f1-score": 0.9052841615178618,
      "support": 190.0
    }
  }
}